名前,年齢,性別,職業
Alice,30,Female,Engineer
Bob,25,Male,Developer
Charlie,35,Male,Manager
Diana,28,Female,Designer
Eva,32,Female,Engineer
Frank,40,Male,Manager
Grace,29,Female,Developer
Harry,36,Male,Engineer
Ivy,27,Female,Designer
Jack,24,Male,Developer
Katie,33,Female,Manager
Luke,31,Male,Developer
Mia,26,Female,Engineer
Noah,37,Male,Manager
Olivia,34,Female,Designer
Peter,28,Male,Developer
Quinn,35,Female,Manager
Ryan,29,Male,Engineer
Sophia,31,Female,Developer
Tom,36,Male,Manager
Uma,32,Female,Engineer
Victor,30,Male,Developer
Wendy,27,Female,Manager
Xander,34,Male,Designer
Yara,25,Female,Developer
Zane,39,Male,Engineer
Aaron,31,Male,Manager
Bella,29,Female,Designer
Carlos,27,Male,Developer
Daisy,30,Female,Manager
Evan,35,Male,Engineer
Fiona,26,Female,Designer
George,28,Male,Developer
Hannah,33,Female,Manager
Isaac,30,Male,Engineer
Jane,32,Female,Developer
Kevin,26,Male,Manager
Lily,27,Female,Designer
Mason,34,Male,Developer
Nora,31,Female,Manager
Oscar,29,Male,Engineer
Penny,35,Female,Developer
Quentin,32,Male,Manager
Rachel,28,Female,Designer
Sam,30,Male,Developer
Tina,33,Female,Manager
Ugo,27,Male,Engineer
Violet,29,Female,Designer
Wyatt,34,Male,Developer
Xenia,31,Female,Manager
Yan,25,Male,Engineer
Zara,36,Female,Designer
Andy,30,Male,Developer
Becca,28,Female,Manager
Caleb,29,Male,Engineer
Daisy,35,Female,Designer
Ethan,26,Male,Developer
Faye,30,Female,Manager
Gavin,36,Male,Engineer
Holly,28,Female,Designer
Ian,32,Male,Developer
Jade,29,Female,Manager
Kyle,27,Male,Engineer
Laura,34,Female,Designer
Mark,31,Male,Developer
Nina,30,Female,Manager
Owen,25,Male,Engineer
Pam,36,Female,Designer
Quinn,29,Male,Developer
Rachel,28,Female,Manager
Sean,30,Male,Engineer
Tina,33,Female,Designer
Uma,31,Male,Developer
Victor,27,Female,Manager
Will,34,Male,Engineer
Xenia,29,Female,Designer
Yara,36,Male,Developer
Zack,30,Male,Manager
Abby,32,Female,Engineer
Bryan,29,Male,Developer
Clara,27,Female,Designer
Dylan,35,Male,Manager
Emma,30,Female,Engineer
Frank,36,Male,Developer
Grace,28,Female,Manager
Harry,31,Male,Engineer
Ivy,29,Female,Designer
Jack,34,Male,Developer
Katie,25,Female,Manager
Luke,37,Male,Engineer
Mia,30,Female,Designer
Noah,31,Male,Developer
Olivia,28,Female,Manager
Peter,29,Male,Engineer
Quinn,35,Female,Designer
Ryan,30,Male,Developer
Sophia,28,Female,Manager
Tom,33,Male,Engineer
Uma,31,Female,Designer
Victor,29,Male,Developer
Wendy,35,Female,Manager
Xander,30,Male,Engineer
Yara,28,Female,Designer
Zane,34,Male,Developer
Aaron,31,Male,Manager
Bella,29,Female,Engineer
Carlos,36,Male,Developer
Daisy,27,Female,Manager
Evan,30,Male,Engineer
Fiona,34,Female,Designer
George,28,Male,Developer
Hannah,35,Female,Manager
Isaac,29,Male,Engineer
Jane,31,Female,Designer
Kevin,27,Male,Developer
Lily,34,Female,Manager
Mason,30,Male,Engineer
Nora,29,Female,Designer
Oscar,35,Male,Developer
Penny,28,Female,Manager
Quentin,30,Male,Engineer
Rachel,34,Female,Designer
Sam,27,Male,Developer
Tina,35,Female,Manager
Ugo,29,Male,Engineer
Violet,28,Female,Designer
Wyatt,34,Male,Developer
Xenia,30,Female,Manager
Yan,32,Male,Engineer
Zara,29,Female,Designer
Andy,35,Male,Developer
Becca,30,Female,Manager
Caleb,28,Male,Engineer
Daisy,34,Female,Designer
Ethan,29,Male,Developer
Faye,35,Female,Manager
Gavin,30,Male,Engineer
Holly,28,Female,Designer
Ian,34,Male,Developer
Jade,30,Female,Manager
Kyle,27,Male,Engineer
Laura,35,Female,Designer
Mark,29,Male,Developer
Nina,30,Female,Manager
Owen,34,Male,Engineer
Pam,28,Female,Designer
Quinn,35,Male,Developer
Rachel,30,Female,Manager
Sean,32,Male,Engineer
Tina,29,Female,Designer
Uma,35,Male,Developer
Victor,30,Female,Manager
Will,27,Male,Engineer
Xenia,34,Female,Designer
Yara,30,Male,Developer
Zack,28,Male,Manager
